OAS30001_MR_d0129,OAS30001
OAS30001_MR_d0757,OAS30001
OAS30001_MR_d2430,OAS30001
OAS30001_MR_d3132,OAS30001
OAS30002_MR_d0371,OAS30002
OAS30002_MR_d0653,OAS30002
OAS30002_MR_d2340,OAS30002
OAS30002_MR_d2345,OAS30002
OAS30003_MR_d0558,OAS30003
OAS30003_MR_d1631,OAS30003
OAS30003_MR_d2669,OAS30003
OAS30003_MR_d2682,OAS30003
OAS30003_MR_d3320,OAS30003
OAS30003_MR_d3731,OAS30003
OAS30004_MR_d1101,OAS30004
OAS30004_MR_d2229,OAS30004
OAS30004_MR_d2232,OAS30004
OAS30004_MR_d3457,OAS30004
OAS30005_MR_d0143,OAS30005
OAS30005_MR_d0581,OAS30005
OAS30005_MR_d1274,OAS30005
OAS30005_MR_d2377,OAS30005
OAS30005_MR_d2384,OAS30005
OAS30005_MR_d3453,OAS30005
OAS30006_MR_d0166,OAS30006
OAS30006_MR_d0373,OAS30006
OAS30006_MR_d2341,OAS30006
OAS30006_MR_d2342,OAS30006
OAS30006_MR_d3386,OAS30006
OAS30007_MR_d0061,OAS30007
OAS30007_MR_d1636,OAS30007
OAS30007_MR_d1641,OAS30007
OAS30007_MR_d1981,OAS30007
OAS30007_MR_d2722,OAS30007
OAS30008_MR_d0061,OAS30008
OAS30008_MR_d1313,OAS30008
OAS30008_MR_d1327,OAS30008
OAS30008_MR_d2035,OAS30008
OAS30009_MR_d0148,OAS30009
OAS30009_MR_d1210,OAS30009
OAS30009_MR_d2457,OAS30009
OAS30010_MR_d0068,OAS30010
OAS30011_MR_d0055,OAS30011
OAS30011_MR_d1671,OAS30011
OAS30012_MR_d0124,OAS30012
OAS30012_MR_d0581,OAS30012
OAS30013_MR_d0102,OAS30013
OAS30014_MR_d0196,OAS30014
OAS30014_MR_d1176,OAS30014
OAS30015_MR_d0116,OAS30015
OAS30015_MR_d0788,OAS30015
OAS30015_MR_d1374,OAS30015
OAS30015_MR_d2004,OAS30015
OAS30016_MR_d0021,OAS30016
OAS30017_MR_d0054,OAS30017
OAS30018_MR_d0070,OAS30018
OAS30018_MR_d0893,OAS30018
OAS30019_MR_d0376,OAS30019
OAS30020_MR_d0092,OAS30020
OAS30020_MR_d0911,OAS30020
OAS30021_MR_d0071,OAS30021
OAS30022_MR_d1324,OAS30022
OAS30024_MR_d0084,OAS30024
OAS30025_MR_d0210,OAS30025
OAS30025_MR_d2298,OAS30025
OAS30026_MR_d0048,OAS30026
OAS30026_MR_d0129,OAS30026
OAS30026_MR_d0696,OAS30026
OAS30027_MR_d0433,OAS30027
OAS30027_MR_d1300,OAS30027
OAS30027_MR_d2394,OAS30027
OAS30028_MR_d0043,OAS30028
OAS30028_MR_d1260,OAS30028
OAS30028_MR_d1847,OAS30028
OAS30029_MR_d0131,OAS30029
OAS30029_MR_d0893,OAS30029
OAS30030_MR_d0170,OAS30030
OAS30031_MR_d0427,OAS30031
OAS30032_MR_d0262,OAS30032
OAS30032_MR_d1661,OAS30032
OAS30032_MR_d3499,OAS30032
OAS30033_MR_d0133,OAS30033
OAS30033_MR_d1267,OAS30033
OAS30034_MR_d0044,OAS30034
OAS30035_MR_d2218,OAS30035
OAS30035_MR_d3850,OAS30035
OAS30036_MR_d0059,OAS30036
OAS30037_MR_d0154,OAS30037
OAS30038_MR_d1214,OAS30038
OAS30038_MR_d2242,OAS30038
OAS30038_MR_d3376,OAS30038
OAS30038_MR_d4495,OAS30038
OAS30039_MR_d0103,OAS30039
OAS30040_MR_d2899,OAS30040
OAS30040_MR_d4230,OAS30040
OAS30040_MR_d5108,OAS30040
OAS30041_MR_d6548,OAS30041
OAS30042_MR_d0067,OAS30042
OAS30043_MR_d0145,OAS30043
OAS30044_MR_d0054,OAS30044
OAS30044_MR_d0061,OAS30044
OAS30044_MR_d1319,OAS30044
OAS30046_MR_d0072,OAS30046
OAS30046_MR_d0848,OAS30046
OAS30046_MR_d1968,OAS30046
OAS30048_MR_d0983,OAS30048
OAS30048_MR_d2292,OAS30048
OAS30048_MR_d3367,OAS30048
OAS30048_MR_d3375,OAS30048
OAS30048_MR_d3731,OAS30048
OAS30048_MR_d4459,OAS30048
OAS30049_MR_d0013,OAS30049
OAS30049_MR_d1633,OAS30049
OAS30050_MR_d0110,OAS30050
OAS30050_MR_d1530,OAS30050
OAS30051_MR_d0200,OAS30051
OAS30051_MR_d1286,OAS30051
OAS30052_MR_d0693,OAS30052
OAS30052_MR_d1296,OAS30052
OAS30052_MR_d2709,OAS30052
OAS30052_MR_d2737,OAS30052
OAS30053_MR_d0428,OAS30053
OAS30056_MR_d3491,OAS30056
OAS30057_MR_d0075,OAS30057
OAS30058_MR_d1316,OAS30058
OAS30058_MR_d2236,OAS30058
OAS30058_MR_d3235,OAS30058
OAS30059_MR_d0230,OAS30059
OAS30059_MR_d1188,OAS30059
OAS30060_MR_d0074,OAS30060
OAS30061_MR_d0035,OAS30061
OAS30062_MR_d0087,OAS30062
OAS30062_MR_d1134,OAS30062
OAS30062_MR_d1745,OAS30062
OAS30062_MR_d3432,OAS30062
OAS30062_MR_d3469,OAS30062
OAS30063_MR_d0160,OAS30063
OAS30064_MR_d0687,OAS30064
OAS30065_MR_d0548,OAS30065
OAS30065_MR_d2009,OAS30065
OAS30066_MR_d0524,OAS30066
OAS30066_MR_d2006,OAS30066
OAS30067_MR_d0057,OAS30067
OAS30068_MR_d0076,OAS30068
OAS30070_MR_d0070,OAS30070
OAS30071_MR_d0018,OAS30071
OAS30071_MR_d0055,OAS30071
OAS30072_MR_d0218,OAS30072
OAS30072_MR_d1379,OAS30072
OAS30072_MR_d2219,OAS30072
OAS30073_MR_d0033,OAS30073
OAS30073_MR_d1587,OAS30073
OAS30073_MR_d2042,OAS30073
OAS30073_MR_d2851,OAS30073
OAS30073_MR_d3670,OAS30073
OAS30073_MR_d4456,OAS30073
OAS30074_MR_d0049,OAS30074
OAS30074_MR_d1871,OAS30074
OAS30074_MR_d2812,OAS30074
OAS30075_MR_d0143,OAS30075
OAS30075_MR_d0148,OAS30075
OAS30075_MR_d0442,OAS30075
OAS30075_MR_d0967,OAS30075
OAS30076_MR_d0534,OAS30076
OAS30076_MR_d1735,OAS30076
OAS30077_MR_d0944,OAS30077
OAS30078_MR_d0210,OAS30078
OAS30079_MR_d0019,OAS30079
OAS30079_MR_d1833,OAS30079
OAS30079_MR_d2668,OAS30079
OAS30080_MR_d0048,OAS30080
OAS30080_MR_d1318,OAS30080
OAS30082_MR_d1700,OAS30082
OAS30083_MR_d0465,OAS30083
OAS30083_MR_d2882,OAS30083
OAS30083_MR_d3827,OAS30083
OAS30084_MR_d0470,OAS30084
OAS30084_MR_d1360,OAS30084
OAS30085_MR_d1566,OAS30085
OAS30086_MR_d0000,OAS30086
OAS30087_MR_d0260,OAS30087
OAS30088_MR_d0093,OAS30088
OAS30089_MR_d0001,OAS30089
OAS30090_MR_d0118,OAS30090
OAS30090_MR_d1294,OAS30090
OAS30091_MR_d0092,OAS30091
OAS30092_MR_d0636,OAS30092
OAS30092_MR_d3727,OAS30092
OAS30093_MR_d0056,OAS30093
OAS30093_MR_d0070,OAS30093
OAS30093_MR_d1192,OAS30093
OAS30094_MR_d0140,OAS30094
OAS30094_MR_d0679,OAS30094
OAS30095_MR_d0033,OAS30095
OAS30096_MR_d0024,OAS30096
OAS30097_MR_d0504,OAS30097
OAS30097_MR_d2551,OAS30097
OAS30098_MR_d0036,OAS30098
OAS30099_MR_d0032,OAS30099
OAS30100_MR_d0158,OAS30100
OAS30101_MR_d0101,OAS30101
OAS30101_MR_d0919,OAS30101
OAS30101_MR_d2650,OAS30101
OAS30102_MR_d0024,OAS30102
OAS30103_MR_d3306,OAS30103
OAS30103_MR_d4255,OAS30103
OAS30104_MR_d0328,OAS30104
OAS30105_MR_d0056,OAS30105
OAS30106_MR_d2982,OAS30106
OAS30106_MR_d4675,OAS30106
OAS30107_MR_d0387,OAS30107
OAS30107_MR_d0940,OAS30107
OAS30107_MR_d2765,OAS30107
OAS30108_MR_d0168,OAS30108
OAS30108_MR_d1062,OAS30108
OAS30108_MR_d2066,OAS30108
OAS30109_MR_d0270,OAS30109
OAS30109_MR_d0432,OAS30109
OAS30109_MR_d0997,OAS30109
OAS30109_MR_d2310,OAS30109
OAS30109_MR_d2320,OAS30109
OAS30110_MR_d0155,OAS30110
OAS30111_MR_d0385,OAS30111
OAS30112_MR_d0091,OAS30112
OAS30112_MR_d0098,OAS30112
OAS30112_MR_d0259,OAS30112
OAS30112_MR_d1196,OAS30112
OAS30113_MR_d0894,OAS30113
OAS30113_MR_d1301,OAS30113
OAS30113_MR_d2280,OAS30113
OAS30113_MR_d3502,OAS30113
OAS30113_MR_d4047,OAS30113
OAS30113_MR_d4437,OAS30113
OAS30114_MR_d0086,OAS30114
OAS30115_MR_d0138,OAS30115
OAS30116_MR_d0017,OAS30116
OAS30117_MR_d2034,OAS30117
OAS30117_MR_d4155,OAS30117
OAS30118_MR_d0000,OAS30118
OAS30118_MR_d1663,OAS30118
OAS30119_MR_d1209,OAS30119
OAS30119_MR_d2415,OAS30119
OAS30119_MR_d3260,OAS30119
OAS30119_MR_d3722,OAS30119
OAS30120_MR_d0784,OAS30120
OAS30121_MR_d0768,OAS30121
OAS30121_MR_d2392,OAS30121
OAS30122_MR_d0136,OAS30122
OAS30123_MR_d0122,OAS30123
OAS30124_MR_d0046,OAS30124
OAS30125_MR_d0201,OAS30125
OAS30126_MR_d1105,OAS30126
OAS30126_MR_d2361,OAS30126
OAS30126_MR_d2849,OAS30126
OAS30126_MR_d3465,OAS30126
OAS30127_MR_d0098,OAS30127
OAS30127_MR_d0110,OAS30127
OAS30127_MR_d0837,OAS30127
OAS30128_MR_d0044,OAS30128
OAS30129_MR_d0055,OAS30129
OAS30130_MR_d0025,OAS30130
OAS30131_MR_d0086,OAS30131
OAS30131_MR_d0632,OAS30131
OAS30131_MR_d1901,OAS30131
OAS30132_MR_d0063,OAS30132
OAS30132_MR_d1392,OAS30132
OAS30132_MR_d2288,OAS30132
OAS30133_MR_d0505,OAS30133
OAS30134_MR_d0080,OAS30134
OAS30134_MR_d1642,OAS30134
OAS30135_MR_d0190,OAS30135
OAS30135_MR_d0341,OAS30135
OAS30135_MR_d1000,OAS30135
OAS30135_MR_d2357,OAS30135
OAS30135_MR_d2367,OAS30135
OAS30135_MR_d2799,OAS30135
OAS30135_MR_d2931,OAS30135
OAS30136_MR_d0063,OAS30136
OAS30137_MR_d3165,OAS30137
OAS30137_MR_d3907,OAS30137
OAS30137_MR_d4208,OAS30137
OAS30137_MR_d4525,OAS30137
OAS30139_MR_d0101,OAS30139
OAS30139_MR_d1702,OAS30139
OAS30140_MR_d0172,OAS30140
OAS30141_MR_d0544,OAS30141
OAS30141_MR_d1306,OAS30141
OAS30142_MR_d0075,OAS30142
OAS30142_MR_d1279,OAS30142
OAS30143_MR_d2235,OAS30143
OAS30143_MR_d3507,OAS30143
OAS30143_MR_d3509,OAS30143
OAS30143_MR_d3856,OAS30143
OAS30143_MR_d4041,OAS30143
OAS30144_MR_d1204,OAS30144
OAS30145_MR_d3506,OAS30145
OAS30145_MR_d4247,OAS30145
OAS30146_MR_d0272,OAS30146
OAS30146_MR_d1042,OAS30146
OAS30146_MR_d2309,OAS30146
OAS30146_MR_d3322,OAS30146
OAS30147_MR_d0048,OAS30147
OAS30149_MR_d0051,OAS30149
OAS30149_MR_d1240,OAS30149
OAS30150_MR_d0100,OAS30150
OAS30151_MR_d0064,OAS30151
OAS30152_MR_d0111,OAS30152
OAS30153_MR_d2220,OAS30153
OAS30153_MR_d3877,OAS30153
OAS30154_MR_d0244,OAS30154
OAS30155_MR_d0785,OAS30155
OAS30156_MR_d0000,OAS30156
OAS30156_MR_d0503,OAS30156
OAS30157_MR_d0889,OAS30157
OAS30157_MR_d1428,OAS30157
OAS30157_MR_d2674,OAS30157
OAS30158_MR_d2467,OAS30158
OAS30159_MR_d0110,OAS30159
OAS30160_MR_d0099,OAS30160
OAS30160_MR_d0751,OAS30160
OAS30160_MR_d2392,OAS30160
OAS30161_MR_d0297,OAS30161
OAS30161_MR_d2517,OAS30161
OAS30163_MR_d0091,OAS30163
OAS30164_MR_d0233,OAS30164
OAS30164_MR_d0975,OAS30164
OAS30164_MR_d2416,OAS30164
OAS30165_MR_d0563,OAS30165
OAS30165_MR_d1763,OAS30165
OAS30167_MR_d0111,OAS30167
OAS30167_MR_d1340,OAS30167
OAS30168_MR_d0059,OAS30168
OAS30168_MR_d1268,OAS30168
OAS30169_MR_d0282,OAS30169
OAS30170_MR_d0005,OAS30170
OAS30171_MR_d0139,OAS30171
OAS30172_MR_d0028,OAS30172
OAS30173_MR_d1188,OAS30173
OAS30173_MR_d3030,OAS30173
OAS30173_MR_d3841,OAS30173
OAS30174_MR_d0582,OAS30174
OAS30175_MR_d0349,OAS30175
OAS30175_MR_d1091,OAS30175
OAS30175_MR_d3219,OAS30175
OAS30176_MR_d0000,OAS30176
OAS30178_MR_d0049,OAS30178
OAS30178_MR_d0516,OAS30178
OAS30178_MR_d1384,OAS30178
OAS30178_MR_d2443,OAS30178
OAS30178_MR_d2455,OAS30178
OAS30178_MR_d2794,OAS30178
OAS30178_MR_d3500,OAS30178
OAS30179_MR_d0061,OAS30179
OAS30180_MR_d0051,OAS30180
OAS30181_MR_d0058,OAS30181
OAS30182_MR_d0094,OAS30182
OAS30182_MR_d0101,OAS30182
OAS30182_MR_d1397,OAS30182
OAS30183_MR_d0082,OAS30183
OAS30184_MR_d0169,OAS30184
OAS30184_MR_d0876,OAS30184
OAS30184_MR_d3157,OAS30184
OAS30185_MR_d3787,OAS30185
OAS30185_MR_d4551,OAS30185
OAS30187_MR_d0070,OAS30187
OAS30188_MR_d0246,OAS30188
OAS30188_MR_d1788,OAS30188
OAS30188_MR_d3844,OAS30188
OAS30189_MR_d0072,OAS30189
OAS30190_MR_d0082,OAS30190
OAS30191_MR_d1136,OAS30191
OAS30191_MR_d2352,OAS30191
OAS30192_MR_d0293,OAS30192
OAS30192_MR_d1409,OAS30192
OAS30193_MR_d0043,OAS30193
OAS30193_MR_d1611,OAS30193
OAS30194_MR_d5837,OAS30194
OAS30194_MR_d6419,OAS30194
OAS30194_MR_d6605,OAS30194
OAS30194_MR_d7432,OAS30194
OAS30194_MR_d8874,OAS30194
OAS30194_MR_d8881,OAS30194
OAS30194_MR_d9317,OAS30194
OAS30194_MR_d9443,OAS30194
OAS30194_MR_d9874,OAS30194
OAS30195_MR_d0193,OAS30195
OAS30197_MR_d0115,OAS30197
OAS30198_MR_d0083,OAS30198
OAS30199_MR_d0024,OAS30199
OAS30200_MR_d0075,OAS30200
OAS30202_MR_d0175,OAS30202
OAS30203_MR_d0203,OAS30203
OAS30203_MR_d0802,OAS30203
OAS30203_MR_d2881,OAS30203
OAS30204_MR_d0020,OAS30204
OAS30204_MR_d0033,OAS30204
OAS30205_MR_d0061,OAS30205
OAS30206_MR_d0306,OAS30206
OAS30206_MR_d1036,OAS30206
OAS30206_MR_d2303,OAS30206
OAS30206_MR_d3024,OAS30206
OAS30207_MR_d0346,OAS30207
OAS30208_MR_d0436,OAS30208
OAS30208_MR_d1703,OAS30208
OAS30209_MR_d0609,OAS30209
OAS30209_MR_d1976,OAS30209
OAS30210_MR_d0047,OAS30210
OAS30211_MR_d0046,OAS30211
OAS30211_MR_d1239,OAS30211
OAS30212_MR_d0091,OAS30212
OAS30212_MR_d0753,OAS30212
OAS30212_MR_d3043,OAS30212
OAS30213_MR_d0041,OAS30213
OAS30214_MR_d4464,OAS30214
OAS30215_MR_d0098,OAS30215
OAS30216_MR_d2849,OAS30216
OAS30216_MR_d3830,OAS30216
OAS30217_MR_d0077,OAS30217
OAS30218_MR_d0092,OAS30218
OAS30218_MR_d0841,OAS30218
OAS30219_MR_d0064,OAS30219
OAS30219_MR_d1184,OAS30219
OAS30220_MR_d0104,OAS30220
OAS30220_MR_d1165,OAS30220
OAS30221_MR_d0079,OAS30221
OAS30221_MR_d1143,OAS30221
OAS30222_MR_d1000,OAS30222
OAS30223_MR_d0455,OAS30223
OAS30223_MR_d1235,OAS30223
OAS30224_MR_d0556,OAS30224
OAS30225_MR_d0482,OAS30225
OAS30226_MR_d0183,OAS30226
OAS30227_MR_d0000,OAS30227
OAS30228_MR_d0090,OAS30228
OAS30229_MR_d0101,OAS30229
OAS30230_MR_d3855,OAS30230
OAS30231_MR_d1469,OAS30231
OAS30231_MR_d2510,OAS30231
OAS30231_MR_d3617,OAS30231
OAS30231_MR_d3630,OAS30231
OAS30232_MR_d0120,OAS30232
OAS30232_MR_d0695,OAS30232
OAS30232_MR_d2324,OAS30232
OAS30233_MR_d3867,OAS30233
OAS30233_MR_d5295,OAS30233
OAS30234_MR_d1119,OAS30234
OAS30234_MR_d2098,OAS30234
OAS30235_MR_d0139,OAS30235
OAS30236_MR_d0088,OAS30236
OAS30237_MR_d1353,OAS30237
OAS30237_MR_d2478,OAS30237
OAS30237_MR_d3368,OAS30237
OAS30238_MR_d0037,OAS30238
OAS30239_MR_d0175,OAS30239
OAS30240_MR_d0865,OAS30240
OAS30240_MR_d1871,OAS30240
OAS30240_MR_d3483,OAS30240
OAS30240_MR_d3487,OAS30240
OAS30240_MR_d3843,OAS30240
OAS30240_MR_d4197,OAS30240
OAS30241_MR_d0170,OAS30241
OAS30241_MR_d1203,OAS30241
OAS30241_MR_d1706,OAS30241
OAS30241_MR_d3605,OAS30241
OAS30242_MR_d0137,OAS30242
OAS30243_MR_d0034,OAS30243
OAS30244_MR_d0104,OAS30244
OAS30244_MR_d1526,OAS30244
OAS30245_MR_d0058,OAS30245
OAS30245_MR_d0506,OAS30245
OAS30246_MR_d0119,OAS30246
OAS30246_MR_d0746,OAS30246
OAS30246_MR_d1591,OAS30246
OAS30246_MR_d2354,OAS30246
OAS30247_MR_d0168,OAS30247
OAS30247_MR_d0844,OAS30247
OAS30247_MR_d2643,OAS30247
OAS30248_MR_d0078,OAS30248
OAS30248_MR_d1191,OAS30248
OAS30249_MR_d0091,OAS30249
OAS30249_MR_d0749,OAS30249
OAS30249_MR_d1238,OAS30249
OAS30249_MR_d1952,OAS30249
OAS30249_MR_d3431,OAS30249
OAS30249_MR_d4416,OAS30249
OAS30250_MR_d0389,OAS30250
OAS30250_MR_d1233,OAS30250
OAS30250_MR_d1722,OAS30250
OAS30251_MR_d0220,OAS30251
OAS30251_MR_d2067,OAS30251
OAS30251_MR_d2954,OAS30251
OAS30253_MR_d1288,OAS30253
OAS30253_MR_d2541,OAS30253
OAS30253_MR_d3490,OAS30253
OAS30253_MR_d3948,OAS30253
OAS30253_MR_d4746,OAS30253
OAS30254_MR_d0057,OAS30254
OAS30255_MR_d0019,OAS30255
OAS30256_MR_d0000,OAS30256
OAS30256_MR_d1284,OAS30256
OAS30256_MR_d2368,OAS30256
OAS30256_MR_d3588,OAS30256
OAS30257_MR_d0610,OAS30257
OAS30257_MR_d1938,OAS30257
OAS30257_MR_d3773,OAS30257
OAS30258_MR_d0487,OAS30258
OAS30258_MR_d1225,OAS30258
OAS30259_MR_d0000,OAS30259
OAS30259_MR_d0679,OAS30259
OAS30261_MR_d0785,OAS30261
OAS30261_MR_d1892,OAS30261
OAS30262_MR_d0037,OAS30262
OAS30262_MR_d0839,OAS30262
OAS30263_MR_d0129,OAS30263
OAS30263_MR_d0970,OAS30263
OAS30263_MR_d2477,OAS30263
OAS30263_MR_d2483,OAS30263
OAS30264_MR_d0466,OAS30264
OAS30265_MR_d0192,OAS30265
OAS30266_MR_d0486,OAS30266
OAS30267_MR_d0043,OAS30267
OAS30268_MR_d0096,OAS30268
OAS30269_MR_d0052,OAS30269
OAS30270_MR_d0070,OAS30270
OAS30271_MR_d0004,OAS30271
OAS30272_MR_d0057,OAS30272
OAS30272_MR_d2456,OAS30272
OAS30272_MR_d3087,OAS30272
OAS30273_MR_d0077,OAS30273
OAS30273_MR_d0461,OAS30273
OAS30273_MR_d2304,OAS30273
OAS30274_MR_d0605,OAS30274
OAS30274_MR_d3332,OAS30274
OAS30275_MR_d0280,OAS30275
OAS30275_MR_d1006,OAS30275
OAS30276_MR_d0138,OAS30276
OAS30276_MR_d1200,OAS30276
OAS30276_MR_d2405,OAS30276
OAS30276_MR_d2408,OAS30276
OAS30276_MR_d3217,OAS30276
OAS30277_MR_d0198,OAS30277
OAS30278_MR_d0028,OAS30278
OAS30278_MR_d1325,OAS30278
OAS30279_MR_d0136,OAS30279
OAS30280_MR_d0085,OAS30280
OAS30280_MR_d0667,OAS30280
OAS30280_MR_d1647,OAS30280
OAS30281_MR_d0042,OAS30281
OAS30282_MR_d0040,OAS30282
OAS30283_MR_d0064,OAS30283
OAS30283_MR_d0797,OAS30283
OAS30284_MR_d0094,OAS30284
OAS30284_MR_d1633,OAS30284
OAS30284_MR_d3510,OAS30284
OAS30285_MR_d0055,OAS30285
OAS30286_MR_d0047,OAS30286
OAS30287_MR_d0890,OAS30287
OAS30288_MR_d0897,OAS30288
OAS30288_MR_d4509,OAS30288
OAS30289_MR_d0160,OAS30289
OAS30290_MR_d0000,OAS30290
OAS30291_MR_d0078,OAS30291
OAS30291_MR_d1979,OAS30291
OAS30292_MR_d0165,OAS30292
OAS30293_MR_d0056,OAS30293
OAS30293_MR_d1221,OAS30293
OAS30294_MR_d0462,OAS30294
OAS30295_MR_d0611,OAS30295
OAS30295_MR_d0967,OAS30295
OAS30296_MR_d0069,OAS30296
OAS30297_MR_d0105,OAS30297
OAS30297_MR_d1712,OAS30297
OAS30298_MR_d0292,OAS30298
OAS30299_MR_d0119,OAS30299
OAS30300_MR_d0100,OAS30300
OAS30302_MR_d0262,OAS30302
OAS30302_MR_d1456,OAS30302
OAS30303_MR_d0910,OAS30303
OAS30303_MR_d1948,OAS30303
OAS30303_MR_d2650,OAS30303
OAS30304_MR_d0027,OAS30304
OAS30305_MR_d0245,OAS30305
OAS30306_MR_d0028,OAS30306
OAS30306_MR_d0473,OAS30306
OAS30307_MR_d0032,OAS30307
OAS30307_MR_d2362,OAS30307
OAS30308_MR_d0004,OAS30308
OAS30308_MR_d0423,OAS30308
OAS30309_MR_d0094,OAS30309
OAS30310_MR_d0191,OAS30310
OAS30311_MR_d0127,OAS30311
OAS30312_MR_d0068,OAS30312
OAS30313_MR_d0048,OAS30313
OAS30314_MR_d6379,OAS30314
OAS30314_MR_d6827,OAS30314
OAS30314_MR_d7000,OAS30314
OAS30314_MR_d7814,OAS30314
OAS30315_MR_d0124,OAS30315
OAS30316_MR_d0018,OAS30316
OAS30317_MR_d0088,OAS30317
OAS30318_MR_d2975,OAS30318
OAS30318_MR_d3298,OAS30318
OAS30319_MR_d0043,OAS30319
OAS30320_MR_d0136,OAS30320
OAS30320_MR_d1740,OAS30320
OAS30321_MR_d0075,OAS30321
OAS30321_MR_d1988,OAS30321
OAS30322_MR_d0173,OAS30322
OAS30322_MR_d0645,OAS30322
OAS30322_MR_d1630,OAS30322
OAS30322_MR_d3851,OAS30322
OAS30323_MR_d0836,OAS30323
OAS30324_MR_d0119,OAS30324
OAS30324_MR_d0959,OAS30324
OAS30325_MR_d0032,OAS30325
OAS30326_MR_d0189,OAS30326
OAS30327_MR_d0281,OAS30327
OAS30328_MR_d0105,OAS30328
OAS30328_MR_d0470,OAS30328
OAS30329_MR_d0376,OAS30329
OAS30330_MR_d0000,OAS30330
OAS30331_MR_d2229,OAS30331
OAS30331_MR_d2824,OAS30331
OAS30331_MR_d3478,OAS30331
OAS30331_MR_d4694,OAS30331
OAS30332_MR_d0091,OAS30332
OAS30333_MR_d0093,OAS30333
OAS30333_MR_d2005,OAS30333
OAS30333_MR_d2008,OAS30333
OAS30333_MR_d2457,OAS30333
OAS30333_MR_d2891,OAS30333
OAS30333_MR_d2985,OAS30333
OAS30334_MR_d0000,OAS30334
OAS30334_MR_d0889,OAS30334
OAS30335_MR_d0109,OAS30335
OAS30335_MR_d0693,OAS30335
OAS30335_MR_d1482,OAS30335
OAS30335_MR_d2770,OAS30335
OAS30335_MR_d2783,OAS30335
OAS30335_MR_d3812,OAS30335
OAS30336_MR_d0012,OAS30336
OAS30336_MR_d0244,OAS30336
OAS30336_MR_d1264,OAS30336
OAS30337_MR_d0064,OAS30337
OAS30339_MR_d0066,OAS30339
OAS30341_MR_d0025,OAS30341
OAS30342_MR_d0001,OAS30342
OAS30342_MR_d0429,OAS30342
OAS30343_MR_d2141,OAS30343
OAS30343_MR_d2820,OAS30343
OAS30343_MR_d4178,OAS30343
OAS30343_MR_d4900,OAS30343
OAS30344_MR_d0049,OAS30344
OAS30344_MR_d1052,OAS30344
OAS30344_MR_d2375,OAS30344
OAS30345_MR_d0087,OAS30345
OAS30346_MR_d0083,OAS30346
OAS30346_MR_d1685,OAS30346
OAS30347_MR_d2615,OAS30347
OAS30347_MR_d3101,OAS30347
OAS30348_MR_d0077,OAS30348
OAS30349_MR_d0699,OAS30349
OAS30349_MR_d3241,OAS30349
OAS30350_MR_d0018,OAS30350
OAS30350_MR_d0509,OAS30350
OAS30350_MR_d1201,OAS30350
OAS30351_MR_d0037,OAS30351
OAS30352_MR_d0099,OAS30352
OAS30353_MR_d0963,OAS30353
OAS30353_MR_d2635,OAS30353
OAS30353_MR_d3421,OAS30353
OAS30354_MR_d0056,OAS30354
OAS30355_MR_d0048,OAS30355
OAS30355_MR_d0861,OAS30355
OAS30356_MR_d0714,OAS30356
OAS30357_MR_d0521,OAS30357
OAS30357_MR_d0535,OAS30357
OAS30357_MR_d1195,OAS30357
OAS30358_MR_d0367,OAS30358
OAS30359_MR_d0069,OAS30359
OAS30360_MR_d0118,OAS30360
OAS30361_MR_d1457,OAS30361
OAS30361_MR_d2151,OAS30361
OAS30361_MR_d3275,OAS30361
OAS30362_MR_d0032,OAS30362
OAS30363_MR_d0087,OAS30363
OAS30363_MR_d0880,OAS30363
OAS30363_MR_d2626,OAS30363
OAS30363_MR_d2701,OAS30363
OAS30364_MR_d0110,OAS30364
OAS30365_MR_d5600,OAS30365
OAS30365_MR_d6199,OAS30365
OAS30367_MR_d0055,OAS30367
OAS30367_MR_d1540,OAS30367
OAS30367_MR_d2009,OAS30367
OAS30367_MR_d3394,OAS30367
OAS30367_MR_d3396,OAS30367
OAS30367_MR_d4337,OAS30367
OAS30368_MR_d0056,OAS30368
OAS30368_MR_d2379,OAS30368
OAS30368_MR_d2750,OAS30368
OAS30369_MR_d2819,OAS30369
OAS30369_MR_d4058,OAS30369
OAS30369_MR_d4921,OAS30369
OAS30369_MR_d5872,OAS30369
OAS30369_MR_d5880,OAS30369
OAS30369_MR_d6215,OAS30369
OAS30369_MR_d6992,OAS30369
OAS30370_MR_d0141,OAS30370
OAS30371_MR_d0338,OAS30371
OAS30371_MR_d0981,OAS30371
OAS30371_MR_d1400,OAS30371
OAS30372_MR_d3464,OAS30372
OAS30372_MR_d4514,OAS30372
OAS30373_MR_d0048,OAS30373
OAS30373_MR_d1211,OAS30373
OAS30374_MR_d0084,OAS30374
OAS30375_MR_d5792,OAS30375
OAS30375_MR_d6879,OAS30375
OAS30376_MR_d0082,OAS30376
OAS30377_MR_d0048,OAS30377
OAS30378_MR_d0204,OAS30378
OAS30379_MR_d1169,OAS30379
OAS30379_MR_d2106,OAS30379
OAS30380_MR_d3446,OAS30380
OAS30381_MR_d1158,OAS30381
OAS30382_MR_d0051,OAS30382
OAS30382_MR_d1199,OAS30382
OAS30383_MR_d0134,OAS30383
OAS30384_MR_d0108,OAS30384
OAS30385_MR_d0112,OAS30385
OAS30386_MR_d0055,OAS30386
OAS30387_MR_d0616,OAS30387
OAS30387_MR_d1832,OAS30387
OAS30387_MR_d3401,OAS30387
OAS30388_MR_d0073,OAS30388
OAS30390_MR_d0346,OAS30390
OAS30390_MR_d2428,OAS30390
OAS30391_MR_d0192,OAS30391
OAS30391_MR_d1547,OAS30391
OAS30392_MR_d0730,OAS30392
OAS30392_MR_d1682,OAS30392
OAS30392_MR_d3145,OAS30392
OAS30393_MR_d6201,OAS30393
OAS30393_MR_d6803,OAS30393
OAS30393_MR_d7726,OAS30393
OAS30393_MR_d8651,OAS30393
OAS30394_MR_d0039,OAS30394
OAS30395_MR_d0002,OAS30395
OAS30395_MR_d1241,OAS30395
OAS30396_MR_d0037,OAS30396
OAS30397_MR_d0043,OAS30397
OAS30398_MR_d0051,OAS30398
OAS30399_MR_d0380,OAS30399
OAS30399_MR_d1220,OAS30399
OAS30399_MR_d2293,OAS30399
OAS30400_MR_d0070,OAS30400
OAS30401_MR_d0106,OAS30401
OAS30402_MR_d0015,OAS30402
OAS30402_MR_d1085,OAS30402
OAS30403_MR_d0091,OAS30403
OAS30403_MR_d1232,OAS30403
OAS30403_MR_d2378,OAS30403
OAS30403_MR_d2379,OAS30403
OAS30403_MR_d2758,OAS30403
OAS30403_MR_d2868,OAS30403
OAS30403_MR_d3669,OAS30403
OAS30404_MR_d0104,OAS30404
OAS30405_MR_d0079,OAS30405
OAS30405_MR_d1883,OAS30405
OAS30406_MR_d0084,OAS30406
OAS30407_MR_d0061,OAS30407
OAS30407_MR_d1267,OAS30407
OAS30407_MR_d2862,OAS30407
OAS30408_MR_d1193,OAS30408
OAS30410_MR_d0034,OAS30410
OAS30411_MR_d0183,OAS30411
OAS30411_MR_d1227,OAS30411
OAS30411_MR_d3011,OAS30411
OAS30411_MR_d3025,OAS30411
OAS30411_MR_d4368,OAS30411
OAS30412_MR_d6024,OAS30412
OAS30413_MR_d0044,OAS30413
OAS30413_MR_d0561,OAS30413
OAS30413_MR_d1533,OAS30413
OAS30414_MR_d0030,OAS30414
OAS30414_MR_d0037,OAS30414
OAS30414_MR_d0363,OAS30414
OAS30414_MR_d1175,OAS30414
OAS30415_MR_d0784,OAS30415
OAS30416_MR_d0044,OAS30416
OAS30417_MR_d0093,OAS30417
OAS30417_MR_d0107,OAS30417
OAS30418_MR_d0069,OAS30418
OAS30418_MR_d0803,OAS30418
OAS30419_MR_d0621,OAS30419
OAS30419_MR_d1139,OAS30419
OAS30419_MR_d2360,OAS30419
OAS30419_MR_d3307,OAS30419
OAS30420_MR_d2792,OAS30420
OAS30420_MR_d3746,OAS30420
OAS30421_MR_d2605,OAS30421
OAS30422_MR_d0104,OAS30422
OAS30423_MR_d0067,OAS30423
OAS30423_MR_d1267,OAS30423
OAS30423_MR_d2099,OAS30423
OAS30424_MR_d0095,OAS30424
OAS30427_MR_d4348,OAS30427
OAS30428_MR_d0133,OAS30428
OAS30429_MR_d0055,OAS30429
OAS30430_MR_d0055,OAS30430
OAS30430_MR_d0909,OAS30430
OAS30431_MR_d0113,OAS30431
OAS30432_MR_d0100,OAS30432
OAS30433_MR_d1954,OAS30433
OAS30434_MR_d0054,OAS30434
OAS30436_MR_d0388,OAS30436
OAS30438_MR_d0064,OAS30438
OAS30438_MR_d0897,OAS30438
OAS30438_MR_d2358,OAS30438
OAS30440_MR_d0163,OAS30440
OAS30441_MR_d0053,OAS30441
OAS30442_MR_d0903,OAS30442
OAS30443_MR_d0162,OAS30443
OAS30443_MR_d1480,OAS30443
OAS30443_MR_d2432,OAS30443
OAS30444_MR_d0001,OAS30444
OAS30444_MR_d1471,OAS30444
OAS30445_MR_d0133,OAS30445
OAS30446_MR_d6989,OAS30446
OAS30448_MR_d0101,OAS30448
OAS30449_MR_d0000,OAS30449
OAS30449_MR_d0620,OAS30449
OAS30449_MR_d2359,OAS30449
OAS30449_MR_d2433,OAS30449
OAS30451_MR_d2656,OAS30451
OAS30452_MR_d0993,OAS30452
OAS30452_MR_d2291,OAS30452
OAS30452_MR_d3472,OAS30452
OAS30452_MR_d4489,OAS30452
OAS30452_MR_d4501,OAS30452
OAS30453_MR_d0077,OAS30453
OAS30454_MR_d0209,OAS30454
OAS30455_MR_d0171,OAS30455
OAS30455_MR_d2887,OAS30455
OAS30455_MR_d2888,OAS30455
OAS30455_MR_d4209,OAS30455
OAS30456_MR_d0476,OAS30456
OAS30457_MR_d0102,OAS30457
OAS30458_MR_d0063,OAS30458
OAS30458_MR_d0070,OAS30458
OAS30458_MR_d0481,OAS30458
OAS30458_MR_d1174,OAS30458
OAS30459_MR_d0078,OAS30459
OAS30459_MR_d0571,OAS30459
OAS30460_MR_d0043,OAS30460
OAS30461_MR_d0198,OAS30461
OAS30462_MR_d0020,OAS30462
OAS30462_MR_d0034,OAS30462
OAS30462_MR_d0469,OAS30462
OAS30462_MR_d1232,OAS30462
OAS30463_MR_d2198,OAS30463
OAS30463_MR_d2737,OAS30463
OAS30464_MR_d0077,OAS30464
OAS30464_MR_d0951,OAS30464
OAS30464_MR_d2445,OAS30464
OAS30464_MR_d2848,OAS30464
OAS30465_MR_d0152,OAS30465
OAS30466_MR_d0058,OAS30466
OAS30466_MR_d0671,OAS30466
OAS30467_MR_d0092,OAS30467
OAS30468_MR_d0069,OAS30468
OAS30469_MR_d0112,OAS30469
OAS30470_MR_d1023,OAS30470
OAS30470_MR_d1846,OAS30470
OAS30470_MR_d2828,OAS30470
OAS30471_MR_d0560,OAS30471
OAS30471_MR_d1883,OAS30471
OAS30472_MR_d0047,OAS30472
OAS30472_MR_d1267,OAS30472
OAS30473_MR_d0385,OAS30473
OAS30473_MR_d1163,OAS30473
OAS30474_MR_d0069,OAS30474
OAS30475_MR_d0062,OAS30475
OAS30476_MR_d0090,OAS30476
OAS30476_MR_d0482,OAS30476
OAS30477_MR_d0069,OAS30477
OAS30478_MR_d3566,OAS30478
OAS30478_MR_d4271,OAS30478
OAS30479_MR_d0398,OAS30479
OAS30479_MR_d1266,OAS30479
OAS30479_MR_d2421,OAS30479
OAS30480_MR_d0161,OAS30480
OAS30480_MR_d0711,OAS30480
OAS30482_MR_d0140,OAS30482
OAS30482_MR_d1408,OAS30482
OAS30483_MR_d0006,OAS30483
OAS30483_MR_d0020,OAS30483
OAS30483_MR_d0947,OAS30483
OAS30484_MR_d0040,OAS30484
OAS30484_MR_d0056,OAS30484
OAS30484_MR_d0069,OAS30484
OAS30484_MR_d0557,OAS30484
OAS30484_MR_d1065,OAS30484
OAS30485_MR_d0084,OAS30485
OAS30486_MR_d1295,OAS30486
OAS30486_MR_d1300,OAS30486
OAS30487_MR_d0064,OAS30487
OAS30487_MR_d1338,OAS30487
OAS30487_MR_d2165,OAS30487
OAS30489_MR_d0012,OAS30489
OAS30490_MR_d0412,OAS30490
OAS30490_MR_d0574,OAS30490
OAS30490_MR_d1162,OAS30490
OAS30491_MR_d0074,OAS30491
OAS30492_MR_d0090,OAS30492
OAS30492_MR_d1169,OAS30492
OAS30493_MR_d0608,OAS30493
OAS30494_MR_d0059,OAS30494
OAS30494_MR_d4030,OAS30494
OAS30495_MR_d0052,OAS30495
OAS30496_MR_d0065,OAS30496
OAS30496_MR_d1150,OAS30496
OAS30498_MR_d0132,OAS30498
OAS30499_MR_d0067,OAS30499
OAS30499_MR_d1164,OAS30499
OAS30499_MR_d2296,OAS30499
OAS30500_MR_d0093,OAS30500
OAS30500_MR_d1297,OAS30500
OAS30502_MR_d0395,OAS30502
OAS30502_MR_d1195,OAS30502
OAS30503_MR_d0000,OAS30503
OAS30504_MR_d0000,OAS30504
OAS30505_MR_d4103,OAS30505
OAS30505_MR_d4682,OAS30505
OAS30505_MR_d5746,OAS30505
OAS30506_MR_d1039,OAS30506
OAS30506_MR_d2206,OAS30506
OAS30507_MR_d0391,OAS30507
OAS30507_MR_d2282,OAS30507
OAS30507_MR_d2411,OAS30507
OAS30507_MR_d2941,OAS30507
OAS30508_MR_d0042,OAS30508
OAS30509_MR_d0153,OAS30509
OAS30510_MR_d1154,OAS30510
OAS30512_MR_d0353,OAS30512
OAS30513_MR_d0119,OAS30513
OAS30514_MR_d0057,OAS30514
OAS30514_MR_d1526,OAS30514
OAS30515_MR_d0044,OAS30515
OAS30516_MR_d0225,OAS30516
OAS30516_MR_d1800,OAS30516
OAS30516_MR_d2706,OAS30516
OAS30516_MR_d4192,OAS30516
OAS30517_MR_d0072,OAS30517
OAS30518_MR_d0089,OAS30518
OAS30519_MR_d0080,OAS30519
OAS30521_MR_d0118,OAS30521
OAS30521_MR_d0979,OAS30521
OAS30522_MR_d0103,OAS30522
OAS30523_MR_d0027,OAS30523
OAS30524_MR_d0198,OAS30524
OAS30525_MR_d0671,OAS30525
OAS30525_MR_d1471,OAS30525
OAS30525_MR_d1611,OAS30525
OAS30525_MR_d3407,OAS30525
OAS30527_MR_d0006,OAS30527
OAS30528_MR_d0012,OAS30528
OAS30529_MR_d0099,OAS30529
OAS30530_MR_d0119,OAS30530
OAS30530_MR_d0522,OAS30530
OAS30531_MR_d0108,OAS30531
OAS30531_MR_d1347,OAS30531
OAS30531_MR_d1348,OAS30531
OAS30531_MR_d2584,OAS30531
OAS30532_MR_d0047,OAS30532
OAS30533_MR_d0087,OAS30533
OAS30534_MR_d0474,OAS30534
OAS30534_MR_d1174,OAS30534
OAS30534_MR_d2374,OAS30534
OAS30534_MR_d3728,OAS30534
OAS30535_MR_d0139,OAS30535
OAS30535_MR_d1329,OAS30535
OAS30535_MR_d1336,OAS30535
OAS30536_MR_d2552,OAS30536
OAS30537_MR_d0029,OAS30537
OAS30537_MR_d1414,OAS30537
OAS30537_MR_d1848,OAS30537
OAS30538_MR_d0105,OAS30538
OAS30539_MR_d0154,OAS30539
OAS30539_MR_d0640,OAS30539
OAS30540_MR_d0084,OAS30540
OAS30541_MR_d0058,OAS30541
OAS30541_MR_d0823,OAS30541
OAS30541_MR_d1935,OAS30541
OAS30542_MR_d0489,OAS30542
OAS30542_MR_d3116,OAS30542
OAS30543_MR_d0185,OAS30543
OAS30544_MR_d0346,OAS30544
OAS30545_MR_d0028,OAS30545
OAS30546_MR_d0530,OAS30546
OAS30547_MR_d0459,OAS30547
OAS30548_MR_d0447,OAS30548
OAS30549_MR_d1244,OAS30549
OAS30550_MR_d0070,OAS30550
OAS30551_MR_d0104,OAS30551
OAS30551_MR_d1310,OAS30551
OAS30552_MR_d0139,OAS30552
OAS30552_MR_d1011,OAS30552
OAS30552_MR_d1893,OAS30552
OAS30553_MR_d0216,OAS30553
OAS30553_MR_d0822,OAS30553
OAS30554_MR_d0118,OAS30554
OAS30555_MR_d1301,OAS30555
OAS30556_MR_d0035,OAS30556
OAS30557_MR_d1448,OAS30557
OAS30557_MR_d2185,OAS30557
OAS30558_MR_d0061,OAS30558
OAS30558_MR_d1429,OAS30558
OAS30558_MR_d2148,OAS30558
OAS30558_MR_d3408,OAS30558
OAS30558_MR_d3715,OAS30558
OAS30558_MR_d4493,OAS30558
OAS30559_MR_d0431,OAS30559
OAS30559_MR_d1236,OAS30559
OAS30559_MR_d2422,OAS30559
OAS30560_MR_d0117,OAS30560
OAS30560_MR_d1203,OAS30560
OAS30561_MR_d0106,OAS30561
OAS30562_MR_d0030,OAS30562
OAS30562_MR_d0494,OAS30562
OAS30562_MR_d2363,OAS30562
OAS30562_MR_d3383,OAS30562
OAS30563_MR_d0866,OAS30563
OAS30563_MR_d1318,OAS30563
OAS30564_MR_d0000,OAS30564
OAS30564_MR_d0432,OAS30564
OAS30564_MR_d1664,OAS30564
OAS30564_MR_d2808,OAS30564
OAS30565_MR_d3127,OAS30565
OAS30566_MR_d0067,OAS30566
OAS30567_MR_d0040,OAS30567
OAS30568_MR_d0073,OAS30568
OAS30568_MR_d1281,OAS30568
OAS30568_MR_d1284,OAS30568
OAS30568_MR_d1765,OAS30568
OAS30568_MR_d2326,OAS30568
OAS30569_MR_d4070,OAS30569
OAS30570_MR_d0099,OAS30570
OAS30571_MR_d0120,OAS30571
OAS30571_MR_d2331,OAS30571
OAS30572_MR_d0058,OAS30572
OAS30572_MR_d0064,OAS30572
OAS30572_MR_d1156,OAS30572
OAS30573_MR_d0515,OAS30573
OAS30574_MR_d0918,OAS30574
OAS30574_MR_d1917,OAS30574
OAS30575_MR_d0115,OAS30575
OAS30576_MR_d0084,OAS30576
OAS30577_MR_d0067,OAS30577
OAS30578_MR_d0130,OAS30578
OAS30579_MR_d1232,OAS30579
OAS30579_MR_d2400,OAS30579
OAS30580_MR_d0032,OAS30580
OAS30580_MR_d1531,OAS30580
OAS30581_MR_d0104,OAS30581
OAS30581_MR_d1374,OAS30581
OAS30581_MR_d3917,OAS30581
OAS30582_MR_d0153,OAS30582
OAS30583_MR_d0085,OAS30583
OAS30584_MR_d0096,OAS30584
OAS30585_MR_d0065,OAS30585
OAS30586_MR_d0070,OAS30586
OAS30586_MR_d0749,OAS30586
OAS30586_MR_d1149,OAS30586
OAS30587_MR_d4511,OAS30587
OAS30588_MR_d0394,OAS30588
OAS30588_MR_d1637,OAS30588
OAS30588_MR_d3591,OAS30588
OAS30589_MR_d0096,OAS30589
OAS30589_MR_d1525,OAS30589
OAS30589_MR_d2311,OAS30589
OAS30589_MR_d3191,OAS30589
OAS30590_MR_d0085,OAS30590
OAS30590_MR_d0095,OAS30590
OAS30591_MR_d0403,OAS30591
OAS30591_MR_d0914,OAS30591
OAS30592_MR_d0087,OAS30592
OAS30593_MR_d4025,OAS30593
OAS30594_MR_d0066,OAS30594
OAS30595_MR_d0084,OAS30595
OAS30595_MR_d0848,OAS30595
OAS30596_MR_d1759,OAS30596
OAS30596_MR_d2477,OAS30596
OAS30597_MR_d0234,OAS30597
OAS30597_MR_d1871,OAS30597
OAS30597_MR_d3137,OAS30597
OAS30598_MR_d0069,OAS30598
OAS30599_MR_d0121,OAS30599
OAS30600_MR_d1176,OAS30600
OAS30600_MR_d3618,OAS30600
OAS30601_MR_d0111,OAS30601
OAS30601_MR_d1146,OAS30601
OAS30601_MR_d2372,OAS30601
OAS30602_MR_d1346,OAS30602
OAS30602_MR_d2442,OAS30602
OAS30603_MR_d0811,OAS30603
OAS30603_MR_d2253,OAS30603
OAS30605_MR_d0063,OAS30605
OAS30605_MR_d0941,OAS30605
OAS30606_MR_d0360,OAS30606
OAS30607_MR_d0117,OAS30607
OAS30608_MR_d0722,OAS30608
OAS30608_MR_d1272,OAS30608
OAS30608_MR_d2527,OAS30608
OAS30608_MR_d3984,OAS30608
OAS30610_MR_d0079,OAS30610
OAS30612_MR_d0039,OAS30612
OAS30612_MR_d1201,OAS30612
OAS30613_MR_d0042,OAS30613
OAS30614_MR_d1464,OAS30614
OAS30614_MR_d2872,OAS30614
OAS30614_MR_d4088,OAS30614
OAS30615_MR_d0191,OAS30615
OAS30615_MR_d0265,OAS30615
OAS30615_MR_d0925,OAS30615
OAS30615_MR_d2022,OAS30615
OAS30616_MR_d0199,OAS30616
OAS30617_MR_d0073,OAS30617
OAS30619_MR_d2640,OAS30619
OAS30620_MR_d1176,OAS30620
OAS30620_MR_d1616,OAS30620
OAS30620_MR_d2211,OAS30620
OAS30621_MR_d0452,OAS30621
OAS30622_MR_d0179,OAS30622
OAS30622_MR_d0802,OAS30622
OAS30623_MR_d0054,OAS30623
OAS30624_MR_d0035,OAS30624
OAS30624_MR_d1643,OAS30624
OAS30624_MR_d2896,OAS30624
OAS30625_MR_d0033,OAS30625
OAS30625_MR_d1154,OAS30625
OAS30626_MR_d1213,OAS30626
OAS30627_MR_d2372,OAS30627
OAS30628_MR_d0464,OAS30628
OAS30630_MR_d0133,OAS30630
OAS30631_MR_d0000,OAS30631
OAS30632_MR_d0106,OAS30632
OAS30632_MR_d1800,OAS30632
OAS30633_MR_d0111,OAS30633
OAS30633_MR_d2223,OAS30633
OAS30634_MR_d0066,OAS30634
OAS30635_MR_d0022,OAS30635
OAS30635_MR_d0544,OAS30635
OAS30636_MR_d0056,OAS30636
OAS30637_MR_d0079,OAS30637
OAS30638_MR_d0071,OAS30638
OAS30638_MR_d0072,OAS30638
OAS30641_MR_d0585,OAS30641
OAS30642_MR_d0154,OAS30642
OAS30642_MR_d1286,OAS30642
OAS30643_MR_d0280,OAS30643
OAS30643_MR_d0893,OAS30643
OAS30643_MR_d2334,OAS30643
OAS30644_MR_d0136,OAS30644
OAS30646_MR_d0062,OAS30646
OAS30647_MR_d0232,OAS30647
OAS30647_MR_d1286,OAS30647
OAS30648_MR_d0127,OAS30648
OAS30649_MR_d0098,OAS30649
OAS30650_MR_d1879,OAS30650
OAS30651_MR_d0253,OAS30651
OAS30651_MR_d1833,OAS30651
OAS30651_MR_d1847,OAS30651
OAS30652_MR_d0778,OAS30652
OAS30652_MR_d1366,OAS30652
OAS30653_MR_d0102,OAS30653
OAS30654_MR_d0079,OAS30654
OAS30655_MR_d0092,OAS30655
OAS30656_MR_d1638,OAS30656
OAS30656_MR_d2737,OAS30656
OAS30657_MR_d0072,OAS30657
OAS30658_MR_d0237,OAS30658
OAS30659_MR_d0410,OAS30659
OAS30659_MR_d1668,OAS30659
OAS30660_MR_d0087,OAS30660
OAS30660_MR_d1732,OAS30660
OAS30660_MR_d3464,OAS30660
OAS30661_MR_d0057,OAS30661
OAS30662_MR_d1483,OAS30662
OAS30662_MR_d2080,OAS30662
OAS30662_MR_d3095,OAS30662
OAS30663_MR_d0051,OAS30663
OAS30664_MR_d0226,OAS30664
OAS30664_MR_d3557,OAS30664
OAS30665_MR_d4735,OAS30665
OAS30666_MR_d0211,OAS30666
OAS30667_MR_d0108,OAS30667
OAS30667_MR_d0115,OAS30667
OAS30667_MR_d0502,OAS30667
OAS30667_MR_d0888,OAS30667
OAS30668_MR_d0597,OAS30668
OAS30668_MR_d2432,OAS30668
OAS30669_MR_d2733,OAS30669
OAS30669_MR_d3919,OAS30669
OAS30670_MR_d0083,OAS30670
OAS30671_MR_d0267,OAS30671
OAS30671_MR_d1122,OAS30671
OAS30671_MR_d2486,OAS30671
OAS30671_MR_d3613,OAS30671
OAS30672_MR_d0107,OAS30672
OAS30672_MR_d0966,OAS30672
OAS30673_MR_d0043,OAS30673
OAS30673_MR_d0556,OAS30673
OAS30673_MR_d1135,OAS30673
OAS30673_MR_d2417,OAS30673
OAS30673_MR_d2418,OAS30673
OAS30673_MR_d3206,OAS30673
OAS30673_MR_d3803,OAS30673
OAS30674_MR_d1011,OAS30674
OAS30674_MR_d1782,OAS30674
OAS30675_MR_d7433,OAS30675
OAS30675_MR_d8548,OAS30675
OAS30675_MR_d9297,OAS30675
OAS30676_MR_d0861,OAS30676
OAS30676_MR_d2186,OAS30676
OAS30676_MR_d3567,OAS30676
OAS30676_MR_d3577,OAS30676
OAS30676_MR_d4132,OAS30676
OAS30676_MR_d4138,OAS30676
OAS30677_MR_d0000,OAS30677
OAS30678_MR_d0093,OAS30678
OAS30679_MR_d0091,OAS30679
OAS30680_MR_d6255,OAS30680
OAS30681_MR_d0141,OAS30681
OAS30681_MR_d0154,OAS30681
OAS30682_MR_d0465,OAS30682
OAS30683_MR_d0037,OAS30683
OAS30683_MR_d0051,OAS30683
OAS30683_MR_d0528,OAS30683
OAS30683_MR_d1337,OAS30683
OAS30685_MR_d0032,OAS30685
OAS30685_MR_d1552,OAS30685
OAS30686_MR_d0030,OAS30686
OAS30687_MR_d0064,OAS30687
OAS30687_MR_d0541,OAS30687
OAS30688_MR_d0120,OAS30688
OAS30688_MR_d0672,OAS30688
OAS30688_MR_d2394,OAS30688
OAS30689_MR_d2082,OAS30689
OAS30690_MR_d0042,OAS30690
OAS30691_MR_d0056,OAS30691
OAS30692_MR_d2407,OAS30692
OAS30693_MR_d0032,OAS30693
OAS30694_MR_d0180,OAS30694
OAS30694_MR_d0779,OAS30694
OAS30695_MR_d0104,OAS30695
OAS30698_MR_d0975,OAS30698
OAS30698_MR_d1553,OAS30698
OAS30699_MR_d0108,OAS30699
OAS30699_MR_d1809,OAS30699
OAS30699_MR_d3846,OAS30699
OAS30700_MR_d2243,OAS30700
OAS30700_MR_d3380,OAS30700
OAS30701_MR_d0054,OAS30701
OAS30701_MR_d1333,OAS30701
OAS30701_MR_d2371,OAS30701
OAS30702_MR_d0084,OAS30702
OAS30703_MR_d0076,OAS30703
OAS30703_MR_d0588,OAS30703
OAS30704_MR_d0584,OAS30704
OAS30705_MR_d0070,OAS30705
OAS30706_MR_d0060,OAS30706
OAS30707_MR_d0453,OAS30707
OAS30708_MR_d0071,OAS30708
OAS30709_MR_d0026,OAS30709
OAS30709_MR_d0885,OAS30709
OAS30709_MR_d1365,OAS30709
OAS30709_MR_d2096,OAS30709
OAS30710_MR_d0058,OAS30710
OAS30710_MR_d1179,OAS30710
OAS30710_MR_d2323,OAS30710
OAS30711_MR_d0185,OAS30711
OAS30711_MR_d0434,OAS30711
OAS30711_MR_d2521,OAS30711
OAS30711_MR_d2790,OAS30711
OAS30711_MR_d3480,OAS30711
OAS30713_MR_d0095,OAS30713
OAS30713_MR_d1692,OAS30713
OAS30713_MR_d2308,OAS30713
OAS30714_MR_d0444,OAS30714
OAS30715_MR_d0060,OAS30715
OAS30715_MR_d0061,OAS30715
OAS30715_MR_d1230,OAS30715
OAS30716_MR_d0037,OAS30716
OAS30717_MR_d0039,OAS30717
OAS30717_MR_d1418,OAS30717
OAS30717_MR_d2476,OAS30717
OAS30718_MR_d5999,OAS30718
OAS30718_MR_d7409,OAS30718
OAS30719_MR_d1166,OAS30719
OAS30720_MR_d0069,OAS30720
OAS30720_MR_d0566,OAS30720
OAS30720_MR_d1570,OAS30720
OAS30720_MR_d2715,OAS30720
OAS30720_MR_d4213,OAS30720
OAS30722_MR_d0049,OAS30722
OAS30722_MR_d1162,OAS30722
OAS30723_MR_d0042,OAS30723
OAS30723_MR_d1179,OAS30723
OAS30723_MR_d2278,OAS30723
OAS30723_MR_d2568,OAS30723
OAS30724_MR_d2228,OAS30724
OAS30724_MR_d3115,OAS30724
OAS30725_MR_d0160,OAS30725
OAS30725_MR_d1182,OAS30725
OAS30725_MR_d2453,OAS30725
OAS30725_MR_d2456,OAS30725
OAS30725_MR_d3121,OAS30725
OAS30726_MR_d0061,OAS30726
OAS30726_MR_d0558,OAS30726
OAS30727_MR_d0126,OAS30727
OAS30727_MR_d1208,OAS30727
OAS30728_MR_d0516,OAS30728
OAS30729_MR_d3628,OAS30729
OAS30729_MR_d4384,OAS30729
OAS30729_MR_d6253,OAS30729
OAS30730_MR_d0075,OAS30730
OAS30731_MR_d0044,OAS30731
OAS30731_MR_d1148,OAS30731
OAS30731_MR_d2254,OAS30731
OAS30732_MR_d0074,OAS30732
OAS30733_MR_d3393,OAS30733
OAS30733_MR_d4997,OAS30733
OAS30734_MR_d0097,OAS30734
OAS30734_MR_d0857,OAS30734
OAS30735_MR_d0304,OAS30735
OAS30735_MR_d1119,OAS30735
OAS30735_MR_d2484,OAS30735
OAS30735_MR_d3515,OAS30735
OAS30736_MR_d3151,OAS30736
OAS30737_MR_d0035,OAS30737
OAS30737_MR_d1137,OAS30737
OAS30739_MR_d0051,OAS30739
OAS30740_MR_d0069,OAS30740
OAS30741_MR_d3184,OAS30741
OAS30742_MR_d0058,OAS30742
OAS30742_MR_d1932,OAS30742
OAS30742_MR_d3387,OAS30742
OAS30742_MR_d3401,OAS30742
OAS30742_MR_d3619,OAS30742
OAS30742_MR_d3766,OAS30742
OAS30742_MR_d4551,OAS30742
OAS30743_MR_d0051,OAS30743
OAS30743_MR_d0645,OAS30743
OAS30743_MR_d2309,OAS30743
OAS30744_MR_d0063,OAS30744
OAS30744_MR_d1429,OAS30744
OAS30745_MR_d2651,OAS30745
OAS30745_MR_d2863,OAS30745
OAS30745_MR_d4282,OAS30745
OAS30746_MR_d0035,OAS30746
OAS30747_MR_d0338,OAS30747
OAS30747_MR_d3140,OAS30747
OAS30748_MR_d0219,OAS30748
OAS30748_MR_d3268,OAS30748
OAS30749_MR_d0046,OAS30749
OAS30749_MR_d1157,OAS30749
OAS30749_MR_d1996,OAS30749
OAS30750_MR_d0376,OAS30750
OAS30750_MR_d0894,OAS30750
OAS30750_MR_d2309,OAS30750
OAS30750_MR_d2350,OAS30750
OAS30750_MR_d3459,OAS30750
OAS30751_MR_d0063,OAS30751
OAS30752_MR_d0608,OAS30752
OAS30753_MR_d0035,OAS30753
OAS30754_MR_d1341,OAS30754
OAS30755_MR_d0063,OAS30755
OAS30755_MR_d1540,OAS30755
OAS30755_MR_d2318,OAS30755
OAS30755_MR_d2442,OAS30755
OAS30756_MR_d0014,OAS30756
OAS30756_MR_d0022,OAS30756
OAS30756_MR_d0409,OAS30756
OAS30756_MR_d1267,OAS30756
OAS30757_MR_d2279,OAS30757
OAS30757_MR_d2649,OAS30757
OAS30758_MR_d0007,OAS30758
OAS30759_MR_d0063,OAS30759
OAS30760_MR_d3837,OAS30760
OAS30761_MR_d0099,OAS30761
OAS30762_MR_d0043,OAS30762
OAS30762_MR_d1002,OAS30762
OAS30763_MR_d0112,OAS30763
OAS30764_MR_d0055,OAS30764
OAS30765_MR_d0089,OAS30765
OAS30765_MR_d0890,OAS30765
OAS30765_MR_d2798,OAS30765
OAS30766_MR_d0147,OAS30766
OAS30767_MR_d0065,OAS30767
OAS30767_MR_d0948,OAS30767
OAS30767_MR_d1285,OAS30767
OAS30768_MR_d0024,OAS30768
OAS30768_MR_d0887,OAS30768
OAS30768_MR_d2337,OAS30768
OAS30769_MR_d0039,OAS30769
OAS30769_MR_d1547,OAS30769
OAS30769_MR_d1554,OAS30769
OAS30769_MR_d2231,OAS30769
OAS30770_MR_d0255,OAS30770
OAS30770_MR_d1201,OAS30770
OAS30770_MR_d1210,OAS30770
OAS30770_MR_d2131,OAS30770
OAS30770_MR_d2159,OAS30770
OAS30772_MR_d0987,OAS30772
OAS30773_MR_d0044,OAS30773
OAS30774_MR_d0573,OAS30774
OAS30775_MR_d0183,OAS30775
OAS30775_MR_d0329,OAS30775
OAS30775_MR_d0999,OAS30775
OAS30775_MR_d2381,OAS30775
OAS30775_MR_d2395,OAS30775
OAS30775_MR_d2893,OAS30775
OAS30775_MR_d3017,OAS30775
OAS30776_MR_d0308,OAS30776
OAS30776_MR_d2471,OAS30776
OAS30776_MR_d4024,OAS30776
OAS30777_MR_d0526,OAS30777
OAS30777_MR_d1747,OAS30777
OAS30777_MR_d2999,OAS30777
OAS30777_MR_d4740,OAS30777
OAS30778_MR_d0510,OAS30778
OAS30778_MR_d1273,OAS30778
OAS30778_MR_d2255,OAS30778
OAS30779_MR_d0065,OAS30779
OAS30780_MR_d0055,OAS30780
OAS30780_MR_d1044,OAS30780
OAS30781_MR_d0048,OAS30781
OAS30781_MR_d0971,OAS30781
OAS30782_MR_d0074,OAS30782
OAS30782_MR_d0980,OAS30782
OAS30783_MR_d0056,OAS30783
OAS30784_MR_d0126,OAS30784
OAS30784_MR_d2716,OAS30784
OAS30785_MR_d0096,OAS30785
OAS30786_MR_d0286,OAS30786
OAS30786_MR_d1826,OAS30786
OAS30786_MR_d3713,OAS30786
OAS30787_MR_d2854,OAS30787
OAS30787_MR_d3333,OAS30787
OAS30787_MR_d5139,OAS30787
OAS30788_MR_d0201,OAS30788
OAS30788_MR_d1136,OAS30788
OAS30788_MR_d2927,OAS30788
OAS30789_MR_d0083,OAS30789
OAS30789_MR_d1604,OAS30789
OAS30790_MR_d1461,OAS30790
OAS30791_MR_d1422,OAS30791
OAS30791_MR_d2794,OAS30791
OAS30792_MR_d0106,OAS30792
OAS30792_MR_d1556,OAS30792
OAS30793_MR_d1343,OAS30793
OAS30794_MR_d1680,OAS30794
OAS30794_MR_d2633,OAS30794
OAS30794_MR_d3513,OAS30794
OAS30794_MR_d4550,OAS30794
OAS30794_MR_d5548,OAS30794
OAS30795_MR_d0380,OAS30795
OAS30796_MR_d0079,OAS30796
OAS30797_MR_d0426,OAS30797
OAS30797_MR_d1375,OAS30797
OAS30797_MR_d3465,OAS30797
OAS30799_MR_d0557,OAS30799
OAS30800_MR_d0029,OAS30800
OAS30801_MR_d0097,OAS30801
OAS30802_MR_d0132,OAS30802
OAS30803_MR_d0086,OAS30803
OAS30803_MR_d0702,OAS30803
OAS30803_MR_d1966,OAS30803
OAS30803_MR_d3424,OAS30803
OAS30803_MR_d3579,OAS30803
OAS30803_MR_d4473,OAS30803
OAS30804_MR_d0086,OAS30804
OAS30804_MR_d0507,OAS30804
OAS30805_MR_d5456,OAS30805
OAS30805_MR_d7028,OAS30805
OAS30806_MR_d0026,OAS30806
OAS30807_MR_d0472,OAS30807
OAS30808_MR_d0498,OAS30808
OAS30808_MR_d1522,OAS30808
OAS30808_MR_d3453,OAS30808
OAS30809_MR_d0252,OAS30809
OAS30810_MR_d0106,OAS30810
OAS30810_MR_d1351,OAS30810
OAS30811_MR_d7690,OAS30811
OAS30812_MR_d0055,OAS30812
OAS30813_MR_d0138,OAS30813
OAS30814_MR_d0144,OAS30814
OAS30814_MR_d1152,OAS30814
OAS30815_MR_d0148,OAS30815
OAS30816_MR_d0530,OAS30816
OAS30816_MR_d3379,OAS30816
OAS30817_MR_d0236,OAS30817
OAS30817_MR_d1254,OAS30817
OAS30817_MR_d2324,OAS30817
OAS30818_MR_d0097,OAS30818
OAS30818_MR_d1214,OAS30818
OAS30818_MR_d1228,OAS30818
OAS30818_MR_d1720,OAS30818
OAS30818_MR_d2089,OAS30818
OAS30818_MR_d2399,OAS30818
OAS30819_MR_d0077,OAS30819
OAS30819_MR_d0572,OAS30819
OAS30820_MR_d0034,OAS30820
OAS30821_MR_d0063,OAS30821
OAS30821_MR_d0068,OAS30821
OAS30822_MR_d0036,OAS30822
OAS30822_MR_d2022,OAS30822
OAS30823_MR_d0055,OAS30823
OAS30823_MR_d0849,OAS30823
OAS30823_MR_d1309,OAS30823
OAS30823_MR_d2277,OAS30823
OAS30823_MR_d2722,OAS30823
OAS30824_MR_d0077,OAS30824
OAS30825_MR_d3430,OAS30825
OAS30825_MR_d4885,OAS30825
OAS30825_MR_d5535,OAS30825
OAS30826_MR_d0217,OAS30826
OAS30827_MR_d0043,OAS30827
OAS30827_MR_d1875,OAS30827
OAS30828_MR_d1520,OAS30828
OAS30828_MR_d1736,OAS30828
OAS30829_MR_d5823,OAS30829
OAS30829_MR_d6357,OAS30829
OAS30829_MR_d6593,OAS30829
OAS30829_MR_d7552,OAS30829
OAS30829_MR_d8406,OAS30829
OAS30830_MR_d0030,OAS30830
OAS30830_MR_d1569,OAS30830
OAS30832_MR_d0225,OAS30832
OAS30832_MR_d1203,OAS30832
OAS30832_MR_d2369,OAS30832
OAS30832_MR_d2382,OAS30832
OAS30834_MR_d0098,OAS30834
OAS30835_MR_d0709,OAS30835
OAS30835_MR_d1864,OAS30835
OAS30836_MR_d0094,OAS30836
OAS30837_MR_d1722,OAS30837
OAS30839_MR_d1394,OAS30839
OAS30840_MR_d0042,OAS30840
OAS30841_MR_d0187,OAS30841
OAS30841_MR_d0348,OAS30841
OAS30841_MR_d1826,OAS30841
OAS30841_MR_d3499,OAS30841
OAS30842_MR_d0526,OAS30842
OAS30844_MR_d0035,OAS30844
OAS30845_MR_d0068,OAS30845
OAS30845_MR_d1266,OAS30845
OAS30846_MR_d0160,OAS30846
OAS30847_MR_d0040,OAS30847
OAS30848_MR_d0070,OAS30848
OAS30849_MR_d0151,OAS30849
OAS30850_MR_d0198,OAS30850
OAS30851_MR_d0000,OAS30851
OAS30852_MR_d2307,OAS30852
OAS30852_MR_d3014,OAS30852
OAS30852_MR_d3983,OAS30852
OAS30852_MR_d6963,OAS30852
OAS30853_MR_d0100,OAS30853
OAS30854_MR_d0069,OAS30854
OAS30854_MR_d1385,OAS30854
OAS30854_MR_d2339,OAS30854
OAS30855_MR_d0741,OAS30855
OAS30855_MR_d3346,OAS30855
OAS30857_MR_d0058,OAS30857
OAS30857_MR_d1263,OAS30857
OAS30857_MR_d1271,OAS30857
OAS30857_MR_d1631,OAS30857
OAS30857_MR_d2255,OAS30857
OAS30858_MR_d0060,OAS30858
OAS30858_MR_d1071,OAS30858
OAS30858_MR_d2100,OAS30858
OAS30859_MR_d0154,OAS30859
OAS30860_MR_d0134,OAS30860
OAS30860_MR_d0638,OAS30860
OAS30861_MR_d0101,OAS30861
OAS30861_MR_d1702,OAS30861
OAS30862_MR_d3654,OAS30862
OAS30863_MR_d0171,OAS30863
OAS30863_MR_d1260,OAS30863
OAS30863_MR_d1607,OAS30863
OAS30863_MR_d4148,OAS30863
OAS30864_MR_d0603,OAS30864
OAS30865_MR_d0109,OAS30865
OAS30866_MR_d0033,OAS30866
OAS30866_MR_d0640,OAS30866
OAS30867_MR_d0161,OAS30867
OAS30867_MR_d0647,OAS30867
OAS30867_MR_d1398,OAS30867
OAS30867_MR_d1764,OAS30867
OAS30867_MR_d2660,OAS30867
OAS30867_MR_d4407,OAS30867
OAS30868_MR_d0115,OAS30868
OAS30869_MR_d0077,OAS30869
OAS30869_MR_d1691,OAS30869
OAS30869_MR_d2290,OAS30869
OAS30870_MR_d1926,OAS30870
OAS30870_MR_d3066,OAS30870
OAS30870_MR_d3785,OAS30870
OAS30871_MR_d0040,OAS30871
OAS30871_MR_d1103,OAS30871
OAS30872_MR_d0179,OAS30872
OAS30872_MR_d1277,OAS30872
OAS30872_MR_d1285,OAS30872
OAS30872_MR_d3057,OAS30872
OAS30872_MR_d3097,OAS30872
OAS30873_MR_d0026,OAS30873
OAS30874_MR_d0057,OAS30874
OAS30875_MR_d0154,OAS30875
OAS30875_MR_d1252,OAS30875
OAS30876_MR_d0126,OAS30876
OAS30876_MR_d1670,OAS30876
OAS30876_MR_d2447,OAS30876
OAS30876_MR_d3364,OAS30876
OAS30876_MR_d3427,OAS30876
OAS30877_MR_d0362,OAS30877
OAS30878_MR_d0105,OAS30878
OAS30878_MR_d2556,OAS30878
OAS30879_MR_d3497,OAS30879
OAS30880_MR_d0554,OAS30880
OAS30880_MR_d1166,OAS30880
OAS30881_MR_d0152,OAS30881
OAS30881_MR_d0304,OAS30881
OAS30881_MR_d0804,OAS30881
OAS30881_MR_d1252,OAS30881
OAS30881_MR_d2593,OAS30881
OAS30881_MR_d3163,OAS30881
OAS30882_MR_d0191,OAS30882
OAS30883_MR_d0282,OAS30883
OAS30883_MR_d0842,OAS30883
OAS30884_MR_d2400,OAS30884
OAS30884_MR_d3204,OAS30884
OAS30884_MR_d4499,OAS30884
OAS30885_MR_d0075,OAS30885
OAS30886_MR_d0045,OAS30886
OAS30887_MR_d0064,OAS30887
OAS30887_MR_d1407,OAS30887
OAS30888_MR_d0066,OAS30888
OAS30890_MR_d0859,OAS30890
OAS30891_MR_d0213,OAS30891
OAS30892_MR_d0029,OAS30892
OAS30893_MR_d0053,OAS30893
OAS30896_MR_d0439,OAS30896
OAS30896_MR_d1588,OAS30896
OAS30896_MR_d3528,OAS30896
OAS30897_MR_d1217,OAS30897
OAS30898_MR_d0358,OAS30898
OAS30898_MR_d0946,OAS30898
OAS30899_MR_d0070,OAS30899
OAS30899_MR_d0072,OAS30899
OAS30899_MR_d1616,OAS30899
OAS30899_MR_d2324,OAS30899
OAS30899_MR_d2471,OAS30899
OAS30900_MR_d0051,OAS30900
OAS30901_MR_d0155,OAS30901
OAS30902_MR_d0015,OAS30902
OAS30903_MR_d0046,OAS30903
OAS30904_MR_d1304,OAS30904
OAS30904_MR_d2802,OAS30904
OAS30905_MR_d0154,OAS30905
OAS30905_MR_d2331,OAS30905
OAS30906_MR_d0035,OAS30906
OAS30907_MR_d0084,OAS30907
OAS30907_MR_d0813,OAS30907
OAS30907_MR_d1953,OAS30907
OAS30907_MR_d3359,OAS30907
OAS30908_MR_d0065,OAS30908
OAS30908_MR_d0617,OAS30908
OAS30909_MR_d0109,OAS30909
OAS30910_MR_d0090,OAS30910
OAS30910_MR_d1028,OAS30910
OAS30911_MR_d0099,OAS30911
OAS30913_MR_d0931,OAS30913
OAS30913_MR_d2007,OAS30913
OAS30914_MR_d0108,OAS30914
OAS30915_MR_d0085,OAS30915
OAS30916_MR_d0172,OAS30916
OAS30917_MR_d0053,OAS30917
OAS30918_MR_d0089,OAS30918
OAS30919_MR_d0035,OAS30919
OAS30919_MR_d2502,OAS30919
OAS30919_MR_d3650,OAS30919
OAS30920_MR_d0155,OAS30920
OAS30920_MR_d1125,OAS30920
OAS30920_MR_d1924,OAS30920
OAS30921_MR_d0382,OAS30921
OAS30921_MR_d1141,OAS30921
OAS30921_MR_d2464,OAS30921
OAS30921_MR_d2468,OAS30921
OAS30921_MR_d2923,OAS30921
OAS30921_MR_d3232,OAS30921
OAS30922_MR_d0058,OAS30922
OAS30923_MR_d4802,OAS30923
OAS30923_MR_d5307,OAS30923
OAS30923_MR_d6337,OAS30923
OAS30924_MR_d0069,OAS30924
OAS30925_MR_d0196,OAS30925
OAS30926_MR_d0092,OAS30926
OAS30926_MR_d1520,OAS30926
OAS30927_MR_d0145,OAS30927
OAS30928_MR_d0177,OAS30928
OAS30928_MR_d0884,OAS30928
OAS30929_MR_d0115,OAS30929
OAS30929_MR_d0699,OAS30929
OAS30930_MR_d0414,OAS30930
OAS30930_MR_d0900,OAS30930
OAS30931_MR_d0489,OAS30931
OAS30932_MR_d4007,OAS30932
OAS30933_MR_d0052,OAS30933
OAS30933_MR_d2167,OAS30933
OAS30933_MR_d2251,OAS30933
OAS30934_MR_d0520,OAS30934
OAS30934_MR_d2150,OAS30934
OAS30935_MR_d0201,OAS30935
OAS30935_MR_d0427,OAS30935
OAS30936_MR_d5756,OAS30936
OAS30936_MR_d6301,OAS30936
OAS30936_MR_d6483,OAS30936
OAS30936_MR_d7225,OAS30936
OAS30938_MR_d0095,OAS30938
OAS30938_MR_d0249,OAS30938
OAS30938_MR_d1242,OAS30938
OAS30939_MR_d0483,OAS30939
OAS30939_MR_d1968,OAS30939
OAS30941_MR_d0786,OAS30941
OAS30942_MR_d0111,OAS30942
OAS30942_MR_d0752,OAS30942
OAS30943_MR_d0295,OAS30943
OAS30944_MR_d0089,OAS30944
OAS30945_MR_d0155,OAS30945
OAS30946_MR_d0096,OAS30946
OAS30946_MR_d0671,OAS30946
OAS30947_MR_d0595,OAS30947
OAS30947_MR_d1688,OAS30947
OAS30948_MR_d0076,OAS30948
OAS30949_MR_d0053,OAS30949
OAS30949_MR_d1418,OAS30949
OAS30950_MR_d0063,OAS30950
OAS30951_MR_d3786,OAS30951
OAS30952_MR_d0133,OAS30952
OAS30953_MR_d0103,OAS30953
OAS30954_MR_d0182,OAS30954
OAS30955_MR_d0133,OAS30955
OAS30956_MR_d0082,OAS30956
OAS30956_MR_d0347,OAS30956
OAS30956_MR_d1314,OAS30956
OAS30956_MR_d2573,OAS30956
OAS30957_MR_d0030,OAS30957
OAS30958_MR_d0900,OAS30958
OAS30959_MR_d0123,OAS30959
OAS30959_MR_d0714,OAS30959
OAS30959_MR_d1301,OAS30959
OAS30959_MR_d2684,OAS30959
OAS30959_MR_d2692,OAS30959
OAS30959_MR_d3174,OAS30959
OAS30959_MR_d3385,OAS30959
OAS30960_MR_d0061,OAS30960
OAS30960_MR_d0831,OAS30960
OAS30960_MR_d2110,OAS30960
OAS30960_MR_d3518,OAS30960
OAS30960_MR_d3686,OAS30960
OAS30960_MR_d4513,OAS30960
OAS30962_MR_d0007,OAS30962
OAS30963_MR_d0047,OAS30963
OAS30963_MR_d1279,OAS30963
OAS30963_MR_d1636,OAS30963
OAS30963_MR_d3464,OAS30963
OAS30964_MR_d0397,OAS30964
OAS30964_MR_d1135,OAS30964
OAS30964_MR_d1587,OAS30964
OAS30964_MR_d2772,OAS30964
OAS30964_MR_d3870,OAS30964
OAS30965_MR_d0434,OAS30965
OAS30965_MR_d0791,OAS30965
OAS30966_MR_d0189,OAS30966
OAS30966_MR_d0903,OAS30966
OAS30966_MR_d1267,OAS30966
OAS30966_MR_d1923,OAS30966
OAS30966_MR_d3381,OAS30966
OAS30967_MR_d0098,OAS30967
OAS30967_MR_d0120,OAS30967
OAS30967_MR_d0854,OAS30967
OAS30967_MR_d0988,OAS30967
OAS30968_MR_d0166,OAS30968
OAS30969_MR_d0047,OAS30969
OAS30969_MR_d1345,OAS30969
OAS30970_MR_d0238,OAS30970
OAS30971_MR_d0077,OAS30971
OAS30972_MR_d0842,OAS30972
OAS30972_MR_d2270,OAS30972
OAS30973_MR_d0065,OAS30973
OAS30974_MR_d0901,OAS30974
OAS30975_MR_d0008,OAS30975
OAS30976_MR_d0065,OAS30976
OAS30977_MR_d0404,OAS30977
OAS30978_MR_d0041,OAS30978
OAS30978_MR_d0059,OAS30978
OAS30978_MR_d0425,OAS30978
OAS30978_MR_d1207,OAS30978
OAS30979_MR_d0051,OAS30979
OAS30979_MR_d0435,OAS30979
OAS30980_MR_d0659,OAS30980
OAS30981_MR_d0061,OAS30981
OAS30981_MR_d0074,OAS30981
OAS30982_MR_d0063,OAS30982
OAS30982_MR_d1705,OAS30982
OAS30982_MR_d1708,OAS30982
OAS30983_MR_d0265,OAS30983
OAS30984_MR_d3927,OAS30984
OAS30984_MR_d4520,OAS30984
OAS30985_MR_d0084,OAS30985
OAS30986_MR_d1188,OAS30986
OAS30986_MR_d2308,OAS30986
OAS30987_MR_d0965,OAS30987
OAS30988_MR_d0033,OAS30988
OAS30989_MR_d0109,OAS30989
OAS30989_MR_d2594,OAS30989
OAS30990_MR_d0107,OAS30990
OAS30990_MR_d1360,OAS30990
OAS30991_MR_d0106,OAS30991
OAS30992_MR_d0016,OAS30992
OAS30992_MR_d0470,OAS30992
OAS30993_MR_d0059,OAS30993
OAS30993_MR_d0920,OAS30993
OAS30994_MR_d0070,OAS30994
OAS30995_MR_d0054,OAS30995
OAS30996_MR_d4705,OAS30996
OAS30997_MR_d0058,OAS30997
OAS30997_MR_d1356,OAS30997
OAS30998_MR_d0051,OAS30998
OAS30999_MR_d0153,OAS30999
OAS31000_MR_d0072,OAS31000
OAS31001_MR_d0064,OAS31001
OAS31001_MR_d0425,OAS31001
OAS31001_MR_d1079,OAS31001
OAS31001_MR_d3394,OAS31001
OAS31002_MR_d3832,OAS31002
OAS31002_MR_d4948,OAS31002
OAS31002_MR_d5329,OAS31002
OAS31003_MR_d0075,OAS31003
OAS31004_MR_d0000,OAS31004
OAS31005_MR_d0066,OAS31005
OAS31005_MR_d1649,OAS31005
OAS31006_MR_d0120,OAS31006
OAS31006_MR_d1106,OAS31006
OAS31007_MR_d0304,OAS31007
OAS31008_MR_d0142,OAS31008
OAS31009_MR_d0512,OAS31009
OAS31009_MR_d1049,OAS31009
OAS31009_MR_d2325,OAS31009
OAS31009_MR_d3330,OAS31009
OAS31009_MR_d3611,OAS31009
OAS31011_MR_d0089,OAS31011
OAS31012_MR_d0308,OAS31012
OAS31012_MR_d2449,OAS31012
OAS31012_MR_d4024,OAS31012
OAS31013_MR_d0039,OAS31013
OAS31013_MR_d0067,OAS31013
OAS31013_MR_d0628,OAS31013
OAS31014_MR_d0133,OAS31014
OAS31014_MR_d1363,OAS31014
OAS31014_MR_d2235,OAS31014
OAS31014_MR_d3555,OAS31014
OAS31015_MR_d0222,OAS31015
OAS31016_MR_d0126,OAS31016
OAS31017_MR_d0072,OAS31017
OAS31018_MR_d0041,OAS31018
OAS31018_MR_d0045,OAS31018
OAS31018_MR_d0469,OAS31018
OAS31018_MR_d1208,OAS31018
OAS31019_MR_d0076,OAS31019
OAS31019_MR_d1370,OAS31019
OAS31020_MR_d0083,OAS31020
OAS31020_MR_d0084,OAS31020
OAS31020_MR_d0537,OAS31020
OAS31020_MR_d0651,OAS31020
OAS31021_MR_d0049,OAS31021
OAS31021_MR_d1318,OAS31021
OAS31022_MR_d0089,OAS31022
OAS31023_MR_d0070,OAS31023
OAS31023_MR_d0225,OAS31023
OAS31023_MR_d2441,OAS31023
OAS31023_MR_d2484,OAS31023
OAS31023_MR_d3561,OAS31023
OAS31024_MR_d0204,OAS31024
OAS31024_MR_d1057,OAS31024
OAS31024_MR_d2323,OAS31024
OAS31025_MR_d0410,OAS31025
OAS31025_MR_d1258,OAS31025
OAS31025_MR_d2560,OAS31025
OAS31025_MR_d3510,OAS31025
OAS31026_MR_d0043,OAS31026
OAS31028_MR_d0058,OAS31028
OAS31028_MR_d1285,OAS31028
OAS31029_MR_d2448,OAS31029
OAS31030_MR_d0031,OAS31030
OAS31031_MR_d0069,OAS31031
OAS31031_MR_d1119,OAS31031
OAS31031_MR_d1861,OAS31031
OAS31031_MR_d3596,OAS31031
OAS31031_MR_d4072,OAS31031
OAS31032_MR_d0139,OAS31032
OAS31032_MR_d0896,OAS31032
OAS31033_MR_d0002,OAS31033
OAS31034_MR_d0203,OAS31034
OAS31035_MR_d5659,OAS31035
OAS31036_MR_d0056,OAS31036
OAS31037_MR_d3295,OAS31037
OAS31037_MR_d3770,OAS31037
OAS31037_MR_d4395,OAS31037
OAS31037_MR_d6061,OAS31037
OAS31038_MR_d3010,OAS31038
OAS31038_MR_d4037,OAS31038
OAS31039_MR_d0001,OAS31039
OAS31039_MR_d1184,OAS31039
OAS31040_MR_d0067,OAS31040
OAS31041_MR_d0528,OAS31041
OAS31041_MR_d1426,OAS31041
OAS31042_MR_d3618,OAS31042
OAS31043_MR_d0437,OAS31043
OAS31043_MR_d1731,OAS31043
OAS31044_MR_d0827,OAS31044
OAS31045_MR_d1257,OAS31045
OAS31045_MR_d1901,OAS31045
OAS31046_MR_d0473,OAS31046
OAS31046_MR_d1260,OAS31046
OAS31046_MR_d2360,OAS31046
OAS31047_MR_d0183,OAS31047
OAS31047_MR_d1165,OAS31047
OAS31048_MR_d0122,OAS31048
OAS31048_MR_d1151,OAS31048
OAS31048_MR_d2385,OAS31048
OAS31048_MR_d2398,OAS31048
OAS31048_MR_d2767,OAS31048
OAS31048_MR_d3195,OAS31048
OAS31049_MR_d0575,OAS31049
OAS31049_MR_d1066,OAS31049
OAS31050_MR_d0109,OAS31050
OAS31051_MR_d0365,OAS31051
OAS31052_MR_d0093,OAS31052
OAS31054_MR_d0212,OAS31054
OAS31054_MR_d2787,OAS31054
OAS31055_MR_d0074,OAS31055
OAS31056_MR_d0100,OAS31056
OAS31056_MR_d0808,OAS31056
OAS31056_MR_d1912,OAS31056
OAS31057_MR_d1054,OAS31057
OAS31058_MR_d0877,OAS31058
OAS31058_MR_d2233,OAS31058
OAS31058_MR_d3519,OAS31058
OAS31059_MR_d1231,OAS31059
OAS31059_MR_d3491,OAS31059
OAS31060_MR_d0083,OAS31060
OAS31061_MR_d0964,OAS31061
OAS31061_MR_d1517,OAS31061
OAS31063_MR_d0146,OAS31063
OAS31063_MR_d0917,OAS31063
OAS31064_MR_d0054,OAS31064
OAS31064_MR_d0762,OAS31064
OAS31064_MR_d0785,OAS31064
OAS31064_MR_d2091,OAS31064
OAS31064_MR_d3439,OAS31064
OAS31064_MR_d3450,OAS31064
OAS31064_MR_d3883,OAS31064
OAS31065_MR_d0034,OAS31065
OAS31065_MR_d0044,OAS31065
OAS31065_MR_d0056,OAS31065
OAS31066_MR_d0077,OAS31066
OAS31067_MR_d0037,OAS31067
OAS31068_MR_d1547,OAS31068
OAS31068_MR_d2654,OAS31068
OAS31068_MR_d3484,OAS31068
OAS31069_MR_d0025,OAS31069
OAS31070_MR_d0084,OAS31070
OAS31071_MR_d0068,OAS31071
OAS31072_MR_d0833,OAS31072
OAS31072_MR_d2178,OAS31072
OAS31072_MR_d3537,OAS31072
OAS31072_MR_d4035,OAS31072
OAS31072_MR_d4621,OAS31072
OAS31073_MR_d0196,OAS31073
OAS31073_MR_d0779,OAS31073
OAS31073_MR_d2443,OAS31073
OAS31074_MR_d3372,OAS31074
OAS31075_MR_d1199,OAS31075
OAS31076_MR_d0071,OAS31076
OAS31077_MR_d0194,OAS31077
OAS31077_MR_d0853,OAS31077
OAS31078_MR_d0027,OAS31078
OAS31078_MR_d1173,OAS31078
OAS31080_MR_d0183,OAS31080
OAS31081_MR_d0129,OAS31081
OAS31081_MR_d2012,OAS31081
OAS31081_MR_d3636,OAS31081
OAS31082_MR_d0000,OAS31082
OAS31083_MR_d0091,OAS31083
OAS31083_MR_d1232,OAS31083
OAS31083_MR_d1981,OAS31083
OAS31083_MR_d1989,OAS31083
OAS31084_MR_d0029,OAS31084
OAS31084_MR_d2319,OAS31084
OAS31085_MR_d0112,OAS31085
OAS31085_MR_d0504,OAS31085
OAS31086_MR_d0065,OAS31086
OAS31087_MR_d1461,OAS31087
OAS31087_MR_d2421,OAS31087
OAS31088_MR_d2045,OAS31088
OAS31088_MR_d3212,OAS31088
OAS31089_MR_d0023,OAS31089
OAS31090_MR_d0353,OAS31090
OAS31090_MR_d0833,OAS31090
OAS31090_MR_d1879,OAS31090
OAS31090_MR_d3565,OAS31090
OAS31091_MR_d3949,OAS31091
OAS31092_MR_d0203,OAS31092
OAS31092_MR_d1211,OAS31092
OAS31092_MR_d3113,OAS31092
OAS31093_MR_d0063,OAS31093
OAS31094_MR_d0103,OAS31094
OAS31094_MR_d1195,OAS31094
OAS31094_MR_d2064,OAS31094
OAS31096_MR_d1308,OAS31096
OAS31097_MR_d2763,OAS31097
OAS31098_MR_d0048,OAS31098
OAS31099_MR_d0086,OAS31099
OAS31099_MR_d0900,OAS31099
OAS31099_MR_d3526,OAS31099
OAS31099_MR_d3540,OAS31099
OAS31100_MR_d6834,OAS31100
OAS31100_MR_d7350,OAS31100
OAS31101_MR_d0076,OAS31101
OAS31103_MR_d0170,OAS31103
OAS31103_MR_d1829,OAS31103
OAS31103_MR_d3821,OAS31103
OAS31104_MR_d1321,OAS31104
OAS31104_MR_d2333,OAS31104
OAS31105_MR_d0259,OAS31105
OAS31105_MR_d1017,OAS31105
OAS31106_MR_d0065,OAS31106
OAS31107_MR_d0912,OAS31107
OAS31108_MR_d3850,OAS31108
OAS31108_MR_d4795,OAS31108
OAS31109_MR_d0000,OAS31109
OAS31110_MR_d0031,OAS31110
OAS31110_MR_d2336,OAS31110
OAS31111_MR_d0246,OAS31111
OAS31111_MR_d1108,OAS31111
OAS31111_MR_d3618,OAS31111
OAS31112_MR_d0276,OAS31112
OAS31113_MR_d0033,OAS31113
OAS31113_MR_d0881,OAS31113
OAS31114_MR_d0695,OAS31114
OAS31114_MR_d1442,OAS31114
OAS31114_MR_d1864,OAS31114
OAS31114_MR_d2644,OAS31114
OAS31114_MR_d2658,OAS31114
OAS31114_MR_d3002,OAS31114
OAS31114_MR_d3338,OAS31114
OAS31114_MR_d3479,OAS31114
OAS31115_MR_d0466,OAS31115
OAS31116_MR_d0329,OAS31116
OAS31117_MR_d0073,OAS31117
OAS31118_MR_d0116,OAS31118
OAS31118_MR_d2023,OAS31118
OAS31118_MR_d2041,OAS31118
OAS31118_MR_d2835,OAS31118
OAS31118_MR_d2847,OAS31118
OAS31119_MR_d0069,OAS31119
OAS31119_MR_d1493,OAS31119
OAS31120_MR_d0119,OAS31120
OAS31122_MR_d2180,OAS31122
OAS31123_MR_d0078,OAS31123
OAS31124_MR_d0436,OAS31124
OAS31125_MR_d0049,OAS31125
OAS31125_MR_d0735,OAS31125
OAS31125_MR_d3093,OAS31125
OAS31126_MR_d1156,OAS31126
OAS31127_MR_d0123,OAS31127
OAS31127_MR_d2140,OAS31127
OAS31128_MR_d0673,OAS31128
OAS31128_MR_d1405,OAS31128
OAS31128_MR_d2332,OAS31128
OAS31129_MR_d0055,OAS31129
OAS31131_MR_d0101,OAS31131
OAS31132_MR_d2580,OAS31132
OAS31132_MR_d3163,OAS31132
OAS31132_MR_d3392,OAS31132
OAS31132_MR_d3576,OAS31132
OAS31132_MR_d4297,OAS31132
OAS31133_MR_d0000,OAS31133
OAS31134_MR_d0019,OAS31134
OAS31135_MR_d0498,OAS31135
OAS31136_MR_d0156,OAS31136
OAS31137_MR_d3443,OAS31137
OAS31138_MR_d0487,OAS31138
OAS31138_MR_d2040,OAS31138
OAS31139_MR_d0533,OAS31139
OAS31139_MR_d1568,OAS31139
OAS31140_MR_d0332,OAS31140
OAS31141_MR_d0106,OAS31141
OAS31142_MR_d0000,OAS31142
OAS31142_MR_d0889,OAS31142
OAS31142_MR_d1267,OAS31142
OAS31142_MR_d2109,OAS31142
OAS31143_MR_d0109,OAS31143
OAS31144_MR_d0072,OAS31144
OAS31145_MR_d0483,OAS31145
OAS31146_MR_d0073,OAS31146
OAS31147_MR_d0147,OAS31147
OAS31148_MR_d0254,OAS31148
OAS31149_MR_d0061,OAS31149
OAS31150_MR_d0073,OAS31150
OAS31150_MR_d1416,OAS31150
OAS31151_MR_d0086,OAS31151
OAS31152_MR_d0092,OAS31152
OAS31153_MR_d0771,OAS31153
OAS31153_MR_d0777,OAS31153
OAS31153_MR_d1174,OAS31153
OAS31153_MR_d1239,OAS31153
OAS31153_MR_d2282,OAS31153
OAS31154_MR_d0034,OAS31154
OAS31155_MR_d6242,OAS31155
OAS31155_MR_d7635,OAS31155
OAS31155_MR_d8643,OAS31155
OAS31156_MR_d0001,OAS31156
OAS31157_MR_d1361,OAS31157
OAS31157_MR_d1964,OAS31157
OAS31157_MR_d4924,OAS31157
OAS31158_MR_d0029,OAS31158
OAS31158_MR_d0668,OAS31158
OAS31158_MR_d2481,OAS31158
OAS31159_MR_d0074,OAS31159
OAS31159_MR_d1019,OAS31159
OAS31159_MR_d1893,OAS31159
OAS31160_MR_d6062,OAS31160
OAS31161_MR_d0056,OAS31161
OAS31161_MR_d0068,OAS31161
OAS31162_MR_d0107,OAS31162
OAS31163_MR_d0036,OAS31163
OAS31164_MR_d0069,OAS31164
OAS31164_MR_d1678,OAS31164
OAS31165_MR_d0426,OAS31165
OAS31165_MR_d1122,OAS31165
OAS31166_MR_d0947,OAS31166
OAS31167_MR_d0064,OAS31167
OAS31167_MR_d0769,OAS31167
OAS31167_MR_d2053,OAS31167
OAS31167_MR_d3530,OAS31167
OAS31167_MR_d4564,OAS31167
OAS31168_MR_d0148,OAS31168
OAS31168_MR_d1566,OAS31168
OAS31168_MR_d2526,OAS31168
OAS31169_MR_d0620,OAS31169
OAS31170_MR_d2410,OAS31170
OAS31171_MR_d0752,OAS31171
OAS31172_MR_d0407,OAS31172
OAS31172_MR_d1717,OAS31172
